{
	"error_code": 0,
	"reason": "Success",
	"result": {
		"data": [
			{
				"content": "兰博基尼最早是生产拖拉机的，　　至于为何涉足跑车，有一段趣史：　　兰博基尼的创始人　　费卢西奥·兰博基尼买了一辆法拉利跑车，　　发现离合器有问题，于是向法拉利投诉，　　但法拉利创始人恩佐·法拉利对他进行了挖苦，　　大意是“回去玩你的拖拉机去吧”……然后，　　另一个伟大的品牌诞生了。",
				"hashId": "6b51560a7bd12c65ef838b6fec523ea9",
				"unixtime": 1474936430,
				"updatetime": "2016-09-27 08:33:50"
			}, {
				"content": "今天出门忘带手机。　　中午急急忙忙回家拿，　　打开一看只有一条老妈发来的短信：　　你手机落家里了。",
				"hashId": "ff2b5a222f2c243f1acdcca2b6d30717",
				"unixtime": 1474935830,
				"updatetime": "2016-09-27 08:23:50"
			}, {
				"content": "家有二货女友一枚，　　居然改了老子手机时间害　　得老子一路狂飙我的自行车，　　没错我已经在厂门口蹲半小时了，　　烟都抽几根了，还差十分钟才开门，　　看我下班回去不弄死她！",
				"hashId": "3d470a5e41950ec898b8e04119d5e585",
				"unixtime": 1474935830,
				"updatetime": "2016-09-27 08:23:50"
			}, {
				"content": "去超市买东西，走到一妹子身旁，　　她用拎着的东西甩了我一下，　　指着薯片儿说，我要吃这个，　　我看了一下长的不错还，随口就说，　　好，拿吧，妹子忽然抬头看了我一眼瞬间脸红，　　又慌乱的往四周看了看，　　就飞奔到另一个妹子身边了，　　剩下哥一个人原地郁闷，　　妹子，你的薯片还要不……",
				"hashId": "606efcf168050ea5a754abb968ed7c0a",
				"unixtime": 1474935830,
				"updatetime": "2016-09-27 08:23:50"
			}, {
				"content": "昨天见到一个小和尚在玩儿５ｓ，　　不由惊叹一声 “土豪金”，　　谁知那小和尚听到了，　　回身一脸的不满说“很奇怪吗？　　我都出家了，对自己好点不行吗？”　　我操，你都遁入空门了红尘　　里有谁让你牵挂打电话呢？？　　要不是我怕他练过易筋经，　　我非教育教育他……",
				"hashId": "6a5f1075e141bf9662b07e14bf10d635",
				"unixtime": 1474935830,
				"updatetime": "2016-09-27 08:23:50"
			}, {
				"content": "我有一个朋友他女友跟他个子差不多，　　他们俩有好多中性点的衣服都可以换着穿，　　有一次，他对他女朋友说，宝贝呀，　　以后我的衣服以后你别穿了，　　你穿完以后胸前多出两个大包，　　我以后还怎么穿出去。我一看，　　还真他妈多出两个大包，　　哈哈，当时都笑喷了，胸大无罪！",
				"hashId": "436786257800f18326bfbb474fda9d48",
				"unixtime": 1474935830,
				"updatetime": "2016-09-27 08:23:50"
			}, {
				"content": "说个我哥的事：几年前他抓了一只鹰，　　然后各种百度怎么养鹰，后来说要熬鹰，　　就是不让鹰睡觉，磨掉鹰的傲气。　　期间他不睡觉，也不让鹰睡。　　结果三天后，没错鹰死了。　　他顶着黑眼圈说，我熬过来了，　　鹰没熬过来。。。",
				"hashId": "d0ba1b65753f5bfac53ea2c56bca1a49",
				"unixtime": 1474935830,
				"updatetime": "2016-09-27 08:23:50"
			}, {
				"content": "昨天电话约了几个朋友让　　他们一起来ＫＴＶ喝酒嗨歌，　　嗨正爽时，表哥脸上带着伤就进来了。　　哥们一看就火大了，哎呀卧槽，咋了？　　谁给你打的，来来来你告诉我，　　我直接干死他去！！　　表哥神情复杂的看了我一眼：　　你嫂子。。。",
				"hashId": "582e1dfd8fd7bf2f4c98ff91cf8bbd20",
				"unixtime": 1474935830,
				"updatetime": "2016-09-27 08:23:50"
			}, {
				"content": "大学时，扔了一双我之前经常穿的很骚很个性的球鞋，　　过了几天发现打扫楼道卫生的阿姨穿着我扔的那双鞋，　　舍友全都跑来问我是不是跟阿姨有一腿，我百口莫辩，　　结果很快谣言传开了，全校都说有个男的和扫地阿姨搞上了，　　甚至还有其他专业跑到我们宿舍来看我，我冤枉啊我",
				"hashId": "f3db90716c94c6126f55805135bcb7d0",
				"unixtime": 1474935830,
				"updatetime": "2016-09-27 08:23:50"
			}, {
				"content": "爷爷年纪大了经常用放大镜看报纸。　　最近儿子没了工作，爷爷很是着急，　　于是在报纸上找起了招聘启事，　　这天阳光明媚，爷爷每个字都看得十分清楚，　　不一会儿，就把报纸点着了。",
				"hashId": "d5da2cba987dcf30e181385e90c1c96f",
				"unixtime": 1474935830,
				"updatetime": "2016-09-27 08:23:50"
			}
		]
	}
}